Compass	/company/compass	https://www.compass.com/
Meetup	/company/meetup	http://www.meetup.com
Bloomberg	/company/bloomberg	http://www.bloomberg.com/careers
Flatiron Health	/company/flatiron-health	http://flatiron.com
The Trade Desk	/company/trade-desk	http://www.thetradedesk.com
Foursquare	/company/foursquare	http://foursquare.com/
Yext	/company/yext	http://www.yext.com/
Squarespace	/company/squarespace	https://www.squarespace.com/
Grubhub	/company/grubhub	https://www.grubhub.com/
DigitalOcean	/company/digitalocean	http://www.digitalocean.com
Namely	/company/namely	http://namely.com
Harry's	/company/harrys-grooming	http://www.harrys.com
Dataminr	/company/dataminr	http://www.dataminr.com
Shutterstock	/company/shutterstock	http://www.shutterstock.com
BCG Digital Ventures	/company/bcg-digital-ventures	https://www.bcgdv.com/
Justworks	/company/justworks	https://justworks.com/careers
Group Nine Media	/company/group-nine-media	http://www.groupninemedia.com
Teachers Pay Teachers	/company/teachers-pay-teachers	http://www.teacherspayteachers.com
Codecademy	/company/codecademy	http://www.codecademy.com
Updater	/company/updater	http://www.updater.com
JW Player	/company/jw-player	http://www.jwplayer.com
Palantir Technologies	/company/palantir-technologies	http://www.palantir.com/
Stash	/company/stash	http://www.stashinvest.com/
Bluecore	/company/bluecore	http://www.bluecore.com
Fundera	/company/fundera	http://fundera.com
tronc	/company/tronc	http://www.tronc.com
Trustpilot	/company/trustpilot	https://www.trustpilot.com/
Discovery Digital Media	/company/discovery-digital-media	https://corporate.discovery.com/careers/
Zola	/company/zola	http://zola.com
White Ops	/company/white-ops	http://www.whiteops.com
Pager	/company/pager	http://pager.com
theSkimm	/company/theskimm	http://www.theskimm.com
CB Insights	/company/cb-insights	http://www.cbinsights.com
Motivate	/company/motivate	https://www.motivateco.com/
BetterCloud	/company/bettercloud	https://www.bettercloud.com
SEVENROOMS	/company/sevenrooms	http://www.sevenrooms.com
Venmo	/company/venmo	http://venmo.com
IEX Group	/company/iex-group	http://www.iextrading.com
Crossix	/company/crossix	http://www.crossix.com
Custora	/company/custora	http://www.custora.com
Cadre	/company/cadre	https://cadre.com/
Catchpoint	/company/catchpoint	http://www.catchpoint.com
Stride Consulting	/company/stride-consulting	http://www.stridenyc.com/
Call9	/company/call9	http://www.call9.com
ThoughtWorks	/company/thoughtworks	http://www.thoughtworks.com
HyperScience	/company/hyperscience	https://www.hyperscience.com
LiveLike	/company/livelike	http://www.livelikevr.com
Unacast	/company/unacast	https://www.unacast.com
Yotpo	/company/yotpo	http://www.yotpo.com
Turbonomic	/company/turbonomic	https://turbonomic.com/
Payfone	/company/payfone	http://payfone.com
Doctor.com	/company/doctorcom	http://Doctor.com
mParticle	/company/mparticle	http://mparticle.com
Smart	/company/smart	http://smartadserver.com
SpotMe	/company/spotme	http://spotme.com/
Solstice	/company/solstice	http://www.solstice.com
Handshake Corp.	/company/handshake-corp	http://www.handshake.com
Deutsche Bank	/company/deutsche-bank	https://www.db.com/careers/en/grad/role-search/technology-opportunities.html?kid=us.graduatemedia.technology.builtinnyc.companyprofile
Built In	/company/built	http://www.builtinnyc.com
Nooklyn	/company/nooklyn	https://nooklyn.com/
VTS	/company/vts	https://www.vts.com/careers
Transfix	/company/transfix	http://transfix.io
Stack Overflow	/company/stack-overflow	http://stackoverflow.com/workhere
Fiverr	/company/fiverr	https://www.fiverr.com/
Techstars NYC	/company/techstars-nyc	http://www.techstars.com/
Sisense	/company/sisense	http://www.sisense.com
Bankrate.com	/company/bankratecom	http://www.bankrate.com/
Aircall	/company/aircall	https://aircall.io/
Managed by Q	/company/managed-q	http://www.managedbyq.com
Merrill Corporation	/company/merrill-corporation	http://www.merrillcorp.com
NS1	/company/ns1	http://ns1.com
Quovo	/company/quovo	http://www.quovo.com
Roomi	/company/roomi	http://roomiapp.com/
Socure	/company/socure	http://socure.com
Beeswax	/company/beeswax	http://beeswax.com
Citizen	/company/citizen	http://www.citizen.com
Smartly.io	/company/smartlyio	http://www.smartly.io
Riskified	/company/riskified	http://www.riskified.com/
TransferWise	/company/transferwise	https://transferwise.com
ADstruc, Inc.	/company/adstruc-inc	http://www.ADstruc.com
Teachable	/company/teachable	https://teachable.com/
Crowdtap	/company/crowdtap	http://corp.crowdtap.com/
Attune	/company/attune	http://www.attuneinsurance.com
Stride Consulting	/company/stride-consulting	http://www.stridenyc.com/
Deloitte Digital	/company/deloitte-digital	
Vice Media	/company/vice-media	http://www.vice.com
LearnVest	/company/learnvest	http://www.learnvest.com
Taboola	/company/taboola	http://www.taboola.com
Artsy	/company/artsy	http://artsy.net
Birchbox	/company/birchbox	http://www.birchbox.com
Latch	/company/latch	http://www.latchaccess.com
Bread	/company/bread	https://www.getbread.com
FanDuel	/company/fanduel	https://www.fanduel.com
SnapChat	/company/snapchat	http://www.snapchat.com
Defiant Studios	/company/defiant-studios	http://www.defiant.nyc/
Clarifai	/company/clarifai	http://clarifai.com
Pinterest	/company/pinterest	https://www.pinterest.com
Schoology	/company/schoology	http://www.schoology.com
Makerbot	/company/makerbot	http://makerbot.com
Freshly	/company/freshly	https://www.freshly.com/
Health Recovery Solutions	/company/health-recovery-solutions	http://www.healthrecoverysolutions.com
Gimlet Media	/company/gimlet-media	http://gimletmedia.com/
Enigma	/company/enigma	http://enigma.io
Kisi	/company/kisi	http://www.getkisi.com
Nestio	/company/nestio	http://www.nestio.com
PureWow	/company/purewow	http://PureWow.com
Casper	/company/casper	http://casper.com
Peloton	/company/peloton	http://onepeloton.com
Yplan	/company/yplan	http://yplanapp.com
Triplemint	/company/triplemint	http://www.triplemint.com
Whistle Sports	/company/whistle-sports	http://whistlesports.com
Refinery29	/company/refinery29	http://www.refinery29.com
Signpost	/company/signpost	http://www.signpost.com
Jukely	/company/jukely	https://www.jukely.com
Zibby	/company/zibby	http://www.Zibby.com
MongoDB	/company/mongodb	https://www.mongodb.com/
LiveAuctioneers	/company/liveauctioneers	http://www.liveauctioneers.com
Hello Alfred	/company/hello-alfred	http://helloalfred.com
Lono	/company/lono	https://lono.io/
Fancy	/company/fancy	http://www.fancynyc.com
Freshly	/company/freshly	https://www.freshly.com/
Bonobos	/company/bonobos	http://www.bonobos.com
TodayTix	/company/todaytix	https://www.todaytix.com/
Red Antler	/company/red-antler	http://redantler.com
ClassPass	/company/classpass	https://classpass.com/
Reonomy	/company/reonomy	http://www.reonomy.com
Abacus	/company/abacus	http://abacus.com
Andela	/company/andela	http://www.andela.com/
Knewton	/company/knewton	http://knewton.com/
Noom	/company/noom	http://noom.com
YouVisit	/company/youvisit	http://www.youvisit.com/
SportsRecruits	/company/sportsrecruits	http://sportsrecruits.com
Bitly	/company/bitly	http://bitly.com
Tictail	/company/tictail	https://tictail.com/
Edited	/company/edited	https://edited.com/
Bauer Xcel Media	/company/bauer-xcel-media	http://bauerxcel.com
Noodle	/company/noodle	http://noodle.com
Mack Weldon	/company/mack-weldon	http://www.mackweldon.com
Dots	/company/dots	http://weplaydots.com/
Kargo	/company/kargo	http://www.kargo.com
1stdibs	/company/1stdibs	http://www.1stdibs.com
Rocketrip	/company/rocketrip	http://www.rocketrip.com
StartUp Health	/company/startup-health	http://www.startuphealth.com/
TurnTo Networks	/company/turnto-networks	https://www.turntonetworks.com/
Keywee	/company/keywee	http://keywee.co
Luminary Labs	/company/luminary-labs	http://www.luminary-labs.com
Bombfell	/company/bombfell	https://www.bombfell.com
The Atlantic	/company/atlantic	https://www.theatlantic.com
AetherWorks	/company/aetherworks	https://www.aetherworks.com/
Feedvisor	/company/feedvisor	http://feedvisor.com/
CardFlight	/company/cardflight	http://cardflight.com/
Cox Media Group	/company/cox-media-group	http://jobs.coxmediagroup.com
Workplace_ by OS33	/company/workplace-os33	https://www.os33.com/
Pared	/company/pared	http://www.pared.com
Breather	/company/breather	https://breather.com/
Petal	/company/petal	http://www.petalcard.com
Bizzabo	/company/bizzabo	http://bizzabo.com
Wink	/company/wink	http://www.wink.com/
Paddle8	/company/paddle8	http://www.paddle8.com
Brand Networks	/company/brand-networks	https://bn.co
New York University	/company/new-york-university	
Validately	/company/validately	http://Validately.com
Zillow Group	/company/zillow-group	https://www.zillowgroup.com/
Rollinglobe	/company/rollinglobe	http://www.rollinglobe.com
BioLite Inc.	/company/biolite-inc	http://www.bioliteenergy.com
Enveritas	/company/enveritas	http://www.enveritas.org/jobs/engineering/
Signals Analytics	/company/signals-analytics-0	https://signals-analytics.com/
Tinybeans	/company/tinybeans	http://www.tinybeans.com
Getaway	/company/getaway	http://www.getaway.house
OnSIP	/company/onsip	http://www.onsip.com
SchoolMint	/company/schoolmint	http://www.schoolmint.com
BlueLantern.io	/company/bluelanternio	http://www.bluelantern.io/
CloserIQ	/company/closeriq	https://closeriq.com
Find A Way Media	/company/find-way-media	http://findaway.media
TapTab	/company/taptab	http://www.taptabapp.com
Trendalytics	/company/trendalytics	https://www.trendalytics.co/
Artivest	/company/artivest	http://artivest.co
Swipecast	/company/swipecast	http://swipecast.com/
CompStak	/company/compstak	http://www.compstak.com
Giphy	/company/giphy	http://giphy.com
3Q Digital	/company/3q-digital-0	https://3QDigital.com
8th Light	/company/8th-light	https://8thlight.com/
Fog Creek Software	/company/fog-creek-software	
Meltwater	/company/meltwater	http://www.meltwater.com
The Future Project	/company/future-project	http://www.thefutureproject.org
mpb.com	/company/mpbcom	http://mpb.com
DemystData	/company/demystdata	https://demyst.com/
Attentive	/company/attentive	https://attentivemobile.com/
GAN Integrity	/company/gan-integrity	http://www.ganintegrity.com/
Blue Mesa Health Inc.	/company/blue-mesa-health-inc	http://bluemesahealth.com
Small Improvements	/company/small-improvements	https://www.small-improvements.com/
Helo Ventures Inc	/company/helo-ventures-inc	https://www.imhelo.com/
Keeps	/company/keeps	http://keeps.com
west elm	/company/west-elm	http://www.westelm.com
PebblePost	/company/pebblepost	http://www.pebblepost.com
Datadog	/company/datadog	http://datadoghq.com
Earnest	/company/earnest	http://meetearnest.com
Jackpocket	/company/jackpocket	http://jackpocket.com
Talkspace	/company/talkspace	http://www.talkspace.com/
Hungryroot	/company/hungryroot	http://www.hungryroot.com
Mighty	/company/mighty	https://mighty.com
Bond Street Marketplace	/company/bond-street-marketplace	https://bondstreet.com/
Credifi	/company/credifi	http://credfi.com
OpenFin	/company/openfin	http://www.openfin.co
Honey	/company/honey	https://honey.is/
Plated	/company/plated	http://www.plated.com
Spring	/company/spring	https://www.shopspring.com/
Echelon Creative	/company/echelon-creative	http://www.typewithwonder.com/
CommonBond	/company/commonbond	http://www.commonbond.co
Integral Ad Science	/company/integral-ad-science	http://integralads.com
InVision	/company/invision	http://www.invisionapp.com
ShopKeep	/company/shopkeep	http://www.shopkeep.com
CariClub	/company/cariclub	http://www.cariclub.com
LeagueApps	/company/leagueapps	http://leagueapps.com/
SeatGeek	/company/seatgeek	http://seatgeek.com/
Via	/company/via	http://ridewithvia.com/
Greenhouse Software	/company/greenhouse-software	http://greenhouse.io
Sprinklr	/company/sprinklr	http://www.sprinklr.com
Shapeways	/company/shapeways	http://shapeways.com
Zocdoc	/company/zocdoc	http://zocdoc.com
Reality AI	/company/reality-ai	https://www.reality.ai/
XO Group Inc	/company/xo-group-inc	http://www.xogroupinc.com
Checkmate Creations	/company/checkmate-creations	http://CheckmateCreations.com
Slidebean	/company/slidebean	http://slidebean.com
Forrge	/company/forrge	http://www.forrge.com
Closlet	/company/closlet	http://www.closlet.com
IniTech web/mobile development services	/company/initech-web-mobile-development-services	http://www.initech.co.il
InspireCube	/company/inspirecube	http://www.inspirecube.com/
PNN Soft LLC	/company/pnn-soft-llc	http://www.pnnsoft.com/
Adperio	/company/adperio	http://www.adperio.com
Yodle	/company/yodle	http://www.yodle.com/
Mogul, Inc.	/company/mogul-inc	https://onmogul.com/
Click2Fit	/company/click2fit	http://Click2Fit.com
Metabrew	/company/metabrew	http://www.themetabrew.com/
Sparx IT Solutions: Sketch to HTML Conversion Company	/company/sparx-it-solutions-sketch-html-conversion-company	http://www.sparxitsolutions.com/
Budstraps	/company/budstraps	http://budstraps.com/
Axial	/company/axial	http://axial.net
TripleLift	/company/triplelift	http://www.triplelift.com
MOSH.	/company/mosh	https://mosh.us/
SiteCompli	/company/sitecompli	http://www.sitecompli.com
Zocdoc	/company/zocdoc	http://zocdoc.com
Krossover	/company/krossover	http://krossover.com
Zeta Interactive	/company/zeta-interactive	http://zetainteractive.com
CPXi	/company/cpxi	http://www.cpxi.com
Augury	/company/augury	http://augury.com
Fever	/company/fever	http://feverup.com/
StyleSage	/company/stylesage	http://www.stylesage.co
TryTheWorld	/company/trytheworld	http://www.trytheworld.com/
MediaMath	/company/mediamath	http://www.mediamath.com/
Mediaocean	/company/mediaocean	http://www.mediaocean.com/
Socratic	/company/socratic	http://socratic.org
Fooda	/company/fooda	http://www.fooda.com
Splash	/company/splash	https://splashthat.com/
Newsela	/company/newsela	http://newsela.com
inkyROBO - Online Product Design Tool Company	/company/inkyrobo-online-product-design-tool-company	http://www.inkyrobo.com
MojoTech	/company/mojotech	https://www.mojotech.com/
OnDeck	/company/ondeck	http://www.ondeck.com
Shoptiques	/company/shoptiques	http://www.shoptiques.com
Hello Fresh	/company/hello-fresh	http://hellofresh.com
inkyROBO	/company/inkyrobo	http://www.inkyrobo.com
fitbod	/company/fitbod	http://fitbod.me/
Nanotronics	/company/nanotronics	http://www.nanotronics.co
Centro	/company/centro	http://www.centro.net
StackOverdrive.io	/company/stackoverdriveio	http://StackOverdrive.net
Offline	/company/offline	http://offli.ne
Factual	/company/factual	http://www.factual.com
BuzzFeed	/company/buzzfeed	http://www.buzzfeed.com
Vnu Mngr	/company/vnu-mngr	http://www.vnumngr.com
Tumblr	/company/tumblr	http://tumblr.com
TouchTunes	/company/touchtunes	http://touchtunes.com/
Vivastream	/company/vivastream	http://www.vivastream.com
Button	/company/button	http://www.usebutton.com
Hometeam	/company/hometeam	https://www.hometeamcare.com/
Noble Desktop	/company/noble-desktop	https://www.nobledesktop.com
New Relic	/company/new-relic	http://newrelic.com/
Land & Sea Co.	/company/land-sea-co	http://landsea.co
ermes	/company/ermes	https://www.ermesup.com
Zype	/company/zype	http://www.zype.com/
Wade & Wendy	/company/wade-wendy	http://wadeandwendy.ai/
WayUp	/company/wayup	https://www.wayup.com/
WayUp	/company/wayup	https://www.wayup.com/
Oscar	/company/oscar	http://hioscar.com
Poppin	/company/poppin	http://www.poppin.com
Grovo	/company/grovo	http://www.grovo.com
CSSChopper- Sketch/PSD to HTML/HTML5 Service Provider	/company/csschopper-sketchpsd-htmlhtml5-service-provider	http://www.csschopper.com/
PolicyGenius	/company/policygenius	https://www.policygenius.com
Estimote	/company/estimote	http://www.estimote.com
Main Street Hub	/company/main-street-hub	http://www.mainstreethub.com/
CredSimple	/company/credsimple	http://www.credsimple.com/
Zuznow USA	/company/zuznow-usa	http://www.zuznow.com
Minibar	/company/minibar	http://minibardelivery.com
Cooperatize	/company/cooperatize	http://www.cooperatize.com
Stealth Communications	/company/stealth-communications	https://stealth.net
Moat	/company/moat	http://www.moat.com
Sweet	/company/sweet	http://getsweet.co/
Better	/company/better	http://www.better.com
Boom Fantasy	/company/boom-fantasy	https://www.boomfantasy.com/
Toymail	/company/toymail	http://www.toymail.co
REINGE	/company/reinge	https://reingeclothing.com/
Startup Institute	/company/startup-institute	http://www.startupinstitute.com
Omega-R	/company/omega-r	http://www.omega-r.com/
Bond Gifting Inc.	/company/bond-gifting-inc	https://bond.co/
LiquidAdX	/company/liquidadx-0	http://liquidadx.com
Schism Worldwide	/company/schism-worldwide	http://www.schismworldwide.com
Tweed Wolf	/company/tweed-wolf	http://tweedwolf.com
Dumbo Moving and Storage NYC	/company/dumbo-moving-and-storage-nyc	http://dumbomoving.com/
TalentsFromIndia	/company/talentsfromindia	https://www.talentsfromindia.com/
OrderGroove	/company/ordergroove	http://www.ordergroove.com/
BriskSale.com	/company/brisksalecom	https://www.brisksale.com/
Noble Web Studio Private Limited	/company/noble-web-studio-private-limited	http://www.noblewebstudio.com
E Com Security Solutions	/company/e-com-security-solutions	https://www.ecomsecurity.org
Octal Info Solution Pte Ltd	/company/octal-info-solution-pte-ltd	http://www.octalsoftware.com.sg
Member.buzz	/company/memberbuzz	https://www.member.buzz/
Zinc Learning Labs	/company/zinc-learning-labs	http://www.zinclearninglabs.com
Aubiz.net	/company/aubiznet	http://www.aubiz.net/
Ritual	/company/ritual	http://www.ritual.co
Meural	/company/meural	http://meural.com/
Thrillist Media Group	/company/thrillist-media-group	http://www.thrillistmediagroup.com
Ticketchat	/company/ticketchat	https://ticketchat.com/
mindbodygreen	/company/mindbodygreen	http://www.mindbodygreen.com
Fuckup Nights	/company/fuckup-nights	http://www.fuckupnights.com
Optimove	/company/optimove	http://www.optimove.com/
BankMobile	/company/bankmobile	https://www.bankmobile.com/
Adore Me	/company/adore-me	http://www.adoreme.com
Medici Firma	/company/medici-firma	http://www.medicifirma.com
VTS3	/company/vts3	http://vts3.com/
FriendlyData	/company/friendlydata	http://friendlydata.io/
Bloomojo	/company/bloomojo	http://bloomojo.com
Bevel Payment Solutions	/company/bevel-payment-solutions	http://www.bevelpayment.com
SheKnows	/company/sheknows	http://corporate.sheknows.com/
CourseHorse	/company/coursehorse	https://coursehorse.com
Bringhub	/company/bringhub	http://bringhub.com
Zepharmacy	/company/zepharmacy	http://www.zepharmacy.com/abortion-pill.html
Paro	/company/paro	http://www.paro.io/
MTP Kit Online	/company/mtp-kit-online	http://www.zepharmacy.com/mtp-kit.html
Genericviagrarx	/company/genericviagrarx	http://www.genericviagrarx.com/generic-viagra.html
Tadalis SX Online	/company/tadalis-sx-online	http://www.genericviagrarx.com/tadalis-sx.html
Parsec	/company/parsec	http://www.parsec.media/
Havenly	/company/havenly	http://www.havenly.com
Majestyk	/company/majestyk	http://majestykapps.com/
Asahi Technologies LLC	/company/asahi-technologies-llc	http://www.asahitechnologies.com
Temboo	/company/temboo	https://temboo.com/
Fueled	/company/fueled	http://Fueled.com
Visify	/company/visify	https://visify.com
MobiCommerce	/company/mobicommerce	https://www.mobicommerce.net/
Tribeca Venture Partners	/company/tribeca-venture-partners	http://tribecavp.com/
Yieldbot	/company/yieldbot	http://www.yieldbot.com
Splice	/company/splice	http://splice.com
WitLytic	/company/witlytic	http://witlytic.net
Gooroo	/company/gooroo	https://www.gooroo.com/
'Braze (formerly Appboy)	/company/braze-formerly-appboy	http://www.appboy.com
Mediachain	/company/mediachain	http://www.mediachain.io/
Rentigo LLC	/company/rentigo-llc	http://www.rentigo.com
Matter	/company/matter	http://matter.vc/
2Polyglot	/company/2polyglot	https://2polyglot.com
QuadLabs Technologies Pvt Ltd	/company/quadlabs-technologies-pvt-ltd	http://quadlabs.com
Underdog.io	/company/underdogio	http://underdog.io
Doolli	/company/doolli	http://www.doolli.com
Animoto	/company/animoto	http://www.animoto.com
Spring Moves Inc	/company/spring-moves-inc	http://springmoves.com
Sensei	/company/sensei	http://www.citymile.com.br
Motor Mouth	/company/motor-mouth	https://motormouth.com.au/mobile-app.html
LittleThings	/company/littlethings	http://www.littlethings.com/
ff Venture Capital	/company/ff-venture-capital	http://ffvc.com/
Outcome Health	/company/outcome-health	http://www.outcomehealth.com
FirstMark Capital	/company/firstmark-capital	http://firstmarkcap.com/
Mr PDF Editor - Edit PDF Documents, PDF to Word, PDF Forms for Business	/company/mr-pdf-editor-edit-pdf-documents-pdf-word-pdf-forms-business	http://www.mrpdfeditor.com
Great Oaks Venture Capital	/company/great-oaks-venture-capital	http://www.greatoaksvc.com/
Nativa World Inc	/company/nativa-world-inc	http://www.nativa-world.com
Influenster	/company/influenster	http://www.influenster.com
Boxed	/company/boxed	http://Boxed.com
Outobus	/company/outobus	http://www.outobus.co
Lerer Hippeau Ventures	/company/lerer-hippeau-ventures	http://lererhippeau.com/
Liberty City Ventures	/company/liberty-city-ventures	http://www.libertycityventures.com/
Glossier	/company/glossier	http://glossier.com
VidMob	/company/vidmob	http://vidmob.com
Revenue River Marketing	/company/revenue-river-marketing	http://revenueriver.co
Law Offices of Jay S. Knispel, LLC	/company/law-offices-jay-s-knispel-llc	http://www.jknylaw.com/
Grown Ocean	/company/grown-ocean	http://www.grownocean.com
Quotidian Ventures	/company/quotidian-ventures	http://www.quotidian.co/
Next Caller	/company/next-caller	http://nextcaller.com
Regalli	/company/regalli	http://regalii.com
Chrono24	/company/chrono24	http://chrono24.com
Brainly	/company/brainly	https://brainly.co/
Hightower	/company/hightower	http://gethightower.com
littleBits	/company/littlebits	http://littlebits.cc
Alta Editions	/company/alta-editions	http://www.altaeditions.com/
Demand Media	/company/demand-media	http://www.demandmedia.com/
BlueCart, Inc.	/company/bluecart-inc	http://www.bluecart.com
Rocketmiles	/company/rocketmiles	http://www.rocketmiles.com
Anyone Can Learn To Code	/company/anyone-can-learn-code	http://www.anyonecanlearntocode.com
WingDing	/company/wingding	http://wingdingapp.com
Croissant	/company/croissant	https://www.getcroissant.com
Teckst	/company/teckst	http://www.teckst.com
KUARIX	/company/kuarix	http://kuarix.com
DADA	/company/dada	https://dada.nyc
Melty Cone Video	/company/melty-cone-video	http://www.meltycone.com
BOLDstart Ventures	/company/boldstart-ventures	http://www.boldstart.vc/
Bowery Capital	/company/bowery-capital	http://www.bowerycap.com/
Major League Hacking	/company/major-league-hacking	https://mlh.io
Studio Simpatico	/company/studio-simpatico	http://www.studiosimpati.co
TradeBlock	/company/tradeblock-0	https://tradeblock.com
American Prison Data Systems, PBC	/company/american-prison-data-systems-pbc	http://www.apdscorporate.com
HUNTER	/company/hunter	http://www.gethunter.com
Snaps	/company/snaps	http://www.makesnaps.com
Ecommerce Partners	/company/ecommerce-partners	http://www.ecommercepartners.net/
SAF Platform	/company/saf-platform	http://www.safplatform.com/
Round	/company/round	https://round.im
Crowded	/company/crowded	https://crowded.com/
QuiO	/company/quio	http://www.quio.com
Force Therapeutics	/company/force-therapeutics	https://www.forcetherapeutics.com/
Odeion	/company/odeion	http://www.odeionapp.com
Thirstie	/company/thirstie	https://thirstie.com/
Blockstack	/company/blockstack	https://blockstack.org/
Rake	/company/rake	http://GetRake.io
Graphixide Inc.	/company/graphixide-inc	http://www.graphixide.com
Easyship	/company/easyship	http://goeasyship.com/
eSpark Learning	/company/espark-learning	http://www.esparklearning.com
One Web Dynamic	/company/one-web-dynamic	http://onewebdynamic.com
Reputation Runner	/company/reputation-runner	http://www.reputationrunner.com
Bronx Coworking Space	/company/bronx-coworking-space	http://bronxcoworkingspace.com
Maxxsafe - Best Enterprise File Sharing Software	/company/maxxsafe-best-enterprise-file-sharing-software	http://www.maxxsafe.com/
Sabi Sands Lodges Reservations	/company/sabi-sands-lodges-reservations	https://www.sabisandslodges.com/
Nekki LLC	/company/nekki-llc	http://www.nekki.us
Apester	/company/apester-0	http://apester.com/
Zeamo	/company/zeamo	http://zeamo.com
Simple Booth	/company/simple-booth	http://www.simplebooth.com
YouMap - The Human Atlas	/company/youmap-human-atlas	http://www.youmap.com
Rollio	/company/rollio	http://GoRollio.com
Prescriptive Data	/company/prescriptive-data	http://www.prescriptivedata.io
Maxxcloud - Best Cloud Document Management Software	/company/maxxcloud-best-cloud-document-management-software	http://maxxcloud.com/
Craft and Savor	/company/craft-and-savor	https://www.craftandsavor.com
AdRoll	/company/adroll	https://www.adroll.com/
Soros Fund Management	/company/soros-fund-management	https://www.crunchbase.com/organization/soros-fund-management#/entity
FoodNiche Inc	/company/foodniche-inc	http://www.foodniche.me
Ruca	/company/ruca	http://www.ruca.world
CITYRTOUR.COM | Strategy Consulting firm	/company/cityrtourcom-strategy-consulting-firm	http://www.cityrtour.com
Profillic	/company/profillic	http://www.profillic.com
Moved	/company/moved	http://www.hellomoved.com
NOWYOURCITY	/company/nowyourcity	http://www.nowyourcity.com
Landis	/company/landis	https://www.hellolandis.com/
VRNOVO	/company/vrnovo	http://vrnovo.com
Concise Group	/company/concise-group	http://www.concisegroup.com/us
Dealertrack	/company/dealertrack	http://www.dealertrack.com
EPIC Hybrid Training	/company/epic-hybrid-training-0	https://epichybridtraining.com
FinTech Studios	/company/fintech-studios	https://fintechstudios.com
TechHub NYC	/company/techhub-nyc	http://nyc.techub.com
Bubble	/company/bubble	http://bubble.is
Brown Deck Innovations	/company/brown-deck-innovations	https://www.browndeck.com
PROPERTYBOOK NYC	/company/propertybook-nyc	https://propertybook.nyc
BounceX	/company/bouncex	https://www.bouncex.com/
BioLite Inc.	/company/biolite-inc-0	http://www.bioliteenergy.com
Pixt Fashion	/company/pixt-fashion	http://www.pixtfashion.com
Shortcut	/company/shortcut	http://www.getshortcut.co
Inkitt Inc.	/company/inkitt-inc	
Micgoat	/company/micgoat	https://www.micgoat.com
A2ZFame	/company/a2zfame	http://a2zfame.com
Groupment	/company/groupment-0	http://www.groupment.com
Audicus	/company/audicus-0	http://audicus.com
WorksHub	/company/workshub	http://www.works-hub.com
GPShopper	/company/gpshopper	http://www.gpshopper.com
Rent the Runway	/company/rent-runway	http://www.renttherunway.com
DashBid Media	/company/dashbid-media	http://www.dashbid.com
AppNexus	/company/appnexus	http://www.appnexus.com
General Assembly	/company/general-assembly	http://generalassemb.ly/
Chartbeat	/company/chartbeat-0	http://chartbeat.com
Outbrain	/company/outbrain	https://www.outbrain.com
L+R	/company/lr	http://levinriegner.com/
JOOR	/company/joor	http://jooraccess.com
Betterment	/company/betterment	http://www.betterment.com
Blue Apron	/company/blue-apron	http://www.blueapron.com
Body Labs	/company/body-labs	http://www.bodylabs.com
Velocity Global	/company/velocity-global	http://velocityglobal.com/
Olo	/company/olo	http://www.olo.com
Corigin Ventures	/company/corigin-ventures	http://www.corigin.com/ventures/
Red Sea Ventures	/company/red-sea-ventures	http://www.redseaventures.com/
Vbout.com	/company/vboutcom	https://www.vbout.com/
StackOverdrive.io	/company/stackoverdriveio-0	http://stackoverdrive.net
Hive	/company/hive	https://hive.com/
AFTERIMAGING	/company/afterimaging	http://www.afterimaging.com
Glorium Technologies	/company/glorium-technologies	https://gloriumtech.com
MoneyLion	/company/moneylion	https://www.moneylion.com/
Voxy	/company/voxy	http://www.voxy.com
ASL Productions	/company/asl-productions	http://aslproductions.com
Vab Media Digital Agency	/company/vab-media-digital-agency	http://vabulous.com/
Kenzan	/company/kenzan	http://kenzan.com/
Fevo	/company/fevo	http://fevo.com/
Usabilla	/company/usabilla	http://www.usabilla.com
Cockroach Labs	/company/cockroach-labs	http://www.cockroachlabs.com
Master The Talk Consulting	/company/master-talk-consulting	http://www.masterthetalk.com
NEXTT`	/company/nextt	http://www.nextt.co
CrownTV	/company/crowntv	https://www.crowntv-us.com/
MedPut by Aiuto	/company/medput-aiuto	http://www.medput.com
Cache Ventures	/company/cache-ventures	http://cacheventures.com
Public	/company/public-0	http://publicnow.com
MistIQ Technologies	/company/mistiq-technologies	http://www.mistiqtech.com/
Bizly	/company/bizly	http://www.bizly.com
Division Of/	/company/division	http://divisionof.com
Stadium Goods	/company/stadium-goods	http://www.stadiumgoods.com
Faction Studio	/company/faction-studio	http://www.factionstudio.com/
Skedaddle	/company/skedaddle	http://www.letskedaddle.com
Heyday.club	/company/heydayclub	http://heyday.club
TwentyPine	/company/twentypine	http://twentypine.com/careers/
VentureSpace	/company/venturespace	http://www.venturespace.nyc
U. Santini Moving & Storage Brooklyn, New York	/company/u-santini-moving-storage-brooklyn-new-york	http://www.usantini.com/
Konstant Infosolutions	/company/konstant-infosolutions	https://www.konstantinfo.com
My Cuistot	/company/my-cuistot	https://www.mycuistot.com
Active NYC	/company/active-nyc	https://activenyc.com
Capital City Movers NYC	/company/capital-city-movers-nyc	http://capitalcitymovers.us/
Volant Trading	/company/volant-trading	http://volanttrading.com
Shufflrr	/company/shufflrr-0	http://shufflrr.com
ExecThread Inc.	/company/execthread-inc	http://www.execthread.com
Networked Insights	/company/networked-insights	http://www.networkedinsights.com
GoBambino	/company/gobambino	http://www.gobambino.com
Ladders	/company/ladders	http://www.theladders.com
HUGY INC.	/company/hugy-inc	http://www.hugy.nyc
Stamford Venture Partners	/company/stamford-venture-partners	http://www.stamfordventurepartners.com
Tasting Table	/company/tasting-table	https://www.tastingtable.com/
ilovestartup.com	/company/ilovestartupcom	http://ilovestartup.com
Asset	/company/asset	http://www.asset.co
NestApple	/company/nestapple	http://www.nestapple.com
EuMotus	/company/eumotus	http://eumotus.com
Prime Studio Inc.	/company/prime-studio-inc	http://www.primestudio.com
Collectively	/company/collectively	http://docollectively.com
Skiplagged	/company/skiplagged	http://skiplagged.com
Analance	/company/analance	https://analance.ducenit.com/
Noken	/company/noken	http://www.noken.travel
WorksHub	/company/workshub-0	http://www.works-hub.com
Fitnescity	/company/fitnescity	https://www.fitnescity.com/
Intello	/company/intello	http://www.intello.io
Day Translations	/company/day-translations	https://www.daytranslations.com/
AllWork	/company/allwork	https://www.allworknow.com/
TradeTapp	/company/tradetapp	http://tradetapp.com
Shapr	/company/shapr	http://www.shapr.co
Decorilla	/company/decorilla	http://www.decorilla.com
Laundry Box	/company/laundry-box	http://laundry-box.com/laundry-dry-cleaning-pick-up-delivery-services-buffalo-ny/
Big Apple Movers NYC	/company/big-apple-movers-nyc	http://bigapplemoving.com
Pond5	/company/pond5	https://www.pond5.com
KapitalWise	/company/kapitalwise	https://kapitalwise.com
Jetty	/company/jetty	https://www.jetty.com
BeMe	/company/beme	https://beme.com/
Forsake	/company/forsake	http://forsake.co
NMRKT	/company/nmrkt	http://nmrkt.com
3floz	/company/3floz	http://3floz.com
Attensee	/company/attensee	http://atensee.com
Brewla	/company/brewla	http://www.BrewlaBars.com
Interface Foundry	/company/interface-foundry	http://interfacefoundry.com
Stylitics	/company/stylitics	http://stylitics.com
Manna Pro Products	/company/manna-pro-products	http://mannapro.com
Roomer	/company/roomer	http://roomertravel.com
Calcbench	/company/calcbench	http://www.calcbench.com
BeneStream	/company/benestream	http://benestream.com
Campus Jobs	/company/campus-jobs	http://www.campusjobs.org
ZaoZao	/company/zaozao	http://www.shopzaozao.com
Pathgather	/company/pathgather	http://www.pathgather.com
VectorMAX	/company/vectormax	http://vectormax.com/vmax2013/index.html
BlueSmart	/company/bluesmart	http://bluesmart.com/
Keepr	/company/keepr	http://keepr.com
Yoga Vida	/company/yoga-vida	http://yogavida.com
BizSlate	/company/bizslate	http://www.bizslate.com
Moonit	/company/moonit	http://www.moonit.com
Green Blender	/company/green-blender	http://greenblender.com
Eyeview	/company/eyeview	http://www.eyeviewdigital.com
CityRow	/company/cityrow	http://www.cityrow.com
Taaneh	/company/taaneh	http://taaneh.com
Locket	/company/locket	http://getlocket.com
Culinary Agents	/company/culinary-agents	http://culinaryagents.com
Didit	/company/didit	http://www.didit.com
Rally Bus	/company/rally-bus	http://rallybus.net/
Treasurebee	/company/treasurebee	http://treasurebee.com
Tentrr	/company/tentrr	http://www.tentrr.com
GET//OUT	/company/getout	http://getout.io
ALICE	/company/alice	https://www.aliceapp.com/
Zipari	/company/zipari	http://www.zipari.com
Cirrus Data Solutions	/company/cirrus-data-solutions	http://cdsi.us.com
NodeSource	/company/nodesource	http://nodesource.com
Malin & Goetz	/company/malin-goetz	http://www.malinandgoetz.com
Imperative	/company/imperative	http://imperative.com
Source3	/company/source3	http://www.source3.io
Biz2Credit	/company/biz2credit	http://www.biz2credit.com
Slon Media	/company/slon-media	https://slonmedia.com/
Simple Outreach	/company/simple-outreach	https://www.simpleoutreach.com
Curated	/company/curated	http://www.curated.io
Enfusion	/company/enfusion	http://www.enfusionsystems.com/
GoReadyMade	/company/goreadymade	http://www.goreadymade.com
Rejoin Web Solution Pvt. Ltd	/company/rejoin-web-solution-pvt-ltd	https://www.rejoinwebsolution.com
OMNIGON	/company/omnigon	http://www.omnigon.com/en
Qrypt	/company/qrypt	https://www.qrypt.com
OnTarget Technologies	/company/ontarget-technologies	http://www.ontargetcloud.com
Delmondo	/company/delmondo	http://delmondo.co
Agilityio	/company/agilityio	https://www.agilityio.com/
CocuSocial	/company/cocusocial	http://www.cocusocial.com
ARTA	/company/arta	http://www.shiparta.com
Cyprus Legend	/company/cyprus-legend	https://www.cypruslegend.com/
The Brihaspati Infotech	/company/brihaspati-infotech	https://www.brihaspatitech.com
DSI Spaceframes: Building Your Vision	/company/dsi-spaceframes-building-your-vision	http://dsispaceframes.com/
Dotdash	/company/dotdash	http://www.dotdash.com
GameChanger	/company/gamechanger	https://gc.com
Cedato	/company/cedato	http://www.cedato.com
Qutun	/company/qutun	https://qutun.in/
Campus Job	/company/campus-job	http://thecampusjob.com
Duffy	/company/duffy	
Innovational Funding	/company/innovational-funding	http://ifunding.co
Mashable	/company/mashable	http://www.mashable.com
Percolate	/company/percolate	http://percolate.com
Kinsa	/company/kinsa	http://www.kinsahealth.com
CloudPeeps	/company/cloudpeeps	https://www.cloudpeeps.com/
EquityZen	/company/equityzen	https://www.equityzen.com
8 Enterprises	/company/8-enterprises	https://weare8.com/
Tripda	/company/tripda	http://tripda.com/
Patron Technology	/company/patron-technology	http://patrontechnology.com
Signal360	/company/signal360	http://signal360.com
Routehappy	/company/routehappy	http://www.routehappy.com
Stowaway Cosmetics	/company/stowaway-cosmetics	http://stowawaycosmetics.com
Nassau Reinsurance Group	/company/nassau-reinsurance-group	http://nsre.com
MaestroIQ	/company/maestroiq	http://www.maestroiq.com
Beautified	/company/beautified	http://getbeautified.com
Switch	/company/switch	http://switchapp.com
Mintz Group	/company/mintz-group	http://www.mintzgroup.com
Thinx	/company/thinx	http://www.shethinx.com
Accomplish	/company/accomplish	http://www.nowaccomplish.com
Locus Analytics	/company/locus-analytics	http://www.home.locus
Taskade	/company/taskade	http://www.taskade.com
Away	/company/away	http://awaytravel.com
Feather	/company/feather	https://rentfeather.com/
MakeSpace	/company/makespace	https://www.makespace.com/
Factory PR	/company/factory-pr	http://www.factorypr.com
Simplifeye	/company/simplifeye	http://www.simplifeye.co
Publicis Media - Data, Technology & Innovation (DTI)	/company/publicis-media-data-technology-innovation-dti	http://www.publicisgroupe.com/en/services/services-publicis-media-en
Exeq	/company/exeq	http://exeq.com
Movable Ink	/company/movable-ink	http://www.movableink.com
Kickstarter	/company/kickstarter	https://www.kickstarter.com/
x.ai	/company/xai	http://x.ai
Docurated	/company/docurated	http://www.docurated.com/
Quartet	/company/quartet	http://www.quartethealth.com
Intersection	/company/intersection	https://www.intersection.com/
Kinnek	/company/kinnek	http://Kinnek.com
Livestream	/company/livestream	https://livestream.com/
Handy	/company/handy	http://www.handy.com
Resy	/company/resy	http://resy.com/
Common	/company/common	http://common.com/
Logoitech | Graphic Design Agency	/company/logoitech-graphic-design-agency	http://www.logoitech.biz
Adverator	/company/adverator	http://www.adverator.com
VideoDesk	/company/videodesk	http://videodesk.com
CafeX Communications	/company/cafex-communications	https://www.cafex.com/
PuzzleSocial	/company/puzzlesocial	http://www.puzzlesocial.com
Audiam	/company/audiam	http://www.audiam.com/
Minus	/company/minus	http://minus.com
WeWork	/company/wework	https://www.wework.com/
ZergNet	/company/zergnet	http://www.zergnet.com/info
Tracx	/company/tracx	http://www.tracx.com
Quirky	/company/quirky	http://www.quirky.com/
Bonafide.io	/company/bonafideio	https://bonafide.io/
Servy	/company/servy	http://www.servyapp.com/
Drawbridge Networks	/company/drawbridge-networks	http://drawbirdgenetworks.com
Defy Ventures	/company/defy-ventures	http://www.defyventures.org
Edusim	/company/edusim	http://www.edusim.co/
innRoad	/company/innroad	http://innroad.com/
The Business Insider	/company/business-insider	http://www.businessinsider.com
Maple	/company/maple	https://maple.com/
monday.com	/company/mondaycom	https://monday.com/
Upfluence	/company/upfluence	http://www.upfluence.com
WorkStride	/company/workstride	http://www.workstride.com
NYIM Training	/company/nyim-training	http://training-nyc.com
Priority Private Care	/company/priority-private-care	http://www.priorityprivatecare.com
Myassignmenthelpau	/company/myassignmenthelpau	https://www.myassignmenthelpau.com/
MirrorMe3D	/company/mirrorme3d	http://www.mirrorme3d.com
Unified Theory	/company/unified-theory	http://unified-theory.co
RubiconMD	/company/rubiconmd-1	https://rubiconmd.com/
Work & Co.	/company/work-co-3	http://work.co
Arkadium	/company/arkadium	http://www.arkadium.com
Arkadium	/company/arkadium-0	http://www.arkadium.com
Arkadium	/company/arkadium-1	http://www.arkadium.com
Arkadium	/company/arkadium-2	http://www.arkadium.com
PatronManager	/company/patronmanager	https://PatronManager.com
Warby Parker	/company/warby-parker	http://www.warbyparker.com
Etsy	/company/etsy	https://www.etsy.com
DataCamp	/company/datacamp	http://www.datacamp.com
TuneCore	/company/tunecore	http://www.tunecore.com
The Artistic Pursuit LLC	/company/artistic-pursuit-llc	http://www.theartisticpursuit.com
